Player,Season,Age,Team,G,GS,AV,Pos
Peyton Manning,2004,28,IND,16,16,21,QB
Daunte Culpepper,2004,27,MIN,16,16,20,QB
Drew Brees,2004,25,SDG,15,15,17,QB
Trent Green,2004,34,KAN,16,16,17,QB
Tom Brady,2004,27,NWE,16,16,16,QB
Donovan McNabb,2004,28,PHI,15,15,16,QB
Brett Favre,2004,35,GNB,16,16,15,QB
Michael Vick,2004,24,ATL,15,15,15,QB
Jake Plummer,2004,30,DEN,16,16,14,QB
Aaron Brooks,2004,28,NOR,16,16,13,QB
David Carr,2004,25,HOU,16,16,13,QB
Jake Delhomme,2004,29,CAR,16,16,13,QB
Ben Roethlisberger,2004,22,PIT,14,13,12,QB
Marc Bulger,2004,27,STL,14,14,11,QB
Matt Hasselbeck,2004,29,SEA,14,14,11,QB
Drew Bledsoe,2004,32,BUF,16,16,10,QB
Kerry Collins,2004,32,OAK,14,13,10,QB
Joey Harrington,2004,26,DET,16,16,10,QB
Chad Pennington,2004,28,NYJ,13,13,10,QB
Byron Leftwich,2004,24,JAX,14,14,9,QB
Vinny Testaverde,2004,41,DAL,16,15,9,QB
Carson Palmer,2004,25,CIN,13,13,8,QB
Billy Volek,2004,28,TEN,10,8,8,QB
Brian Griese,2004,29,TAM,11,10,7,QB
Josh McCown,2004,25,ARI,14,13,7,QB
Kurt Warner,2004,33,NYG,10,9,7,QB
Kyle Boller,2004,23,BAL,16,16,6,QB
Jeff Garcia,2004,34,CLE,11,10,6,QB
Tim Rattay,2004,27,SFO,9,9,5,QB
Steve McNair,2004,31,TEN,8,8,3,QB
Quincy Carter,2004,27,NYJ,7,3,2,QB
Doug Flutie,2004,42,SDG,2,1,2,QB
Rich Gannon,2004,39,OAK,3,3,2,QB
Kelly Holcomb,2004,31,CLE,4,2,2,QB
Brad Johnson,2004,36,TAM,4,4,2,QB
Jon Kitna,2004,32,CIN,4,3,2,QB
Luke McCown,2004,23,CLE,5,4,2,QB
Patrick Ramsey,2004,25,WAS,9,7,2,QB
Chris Chandler,2004,39,STL,5,2,1,QB
Koy Detmer,2004,31,PHI,16,1,1,QB
Trent Dilfer,2004,32,SEA,5,2,1,QB
A.J. Feeley,2004,27,MIA,11,8,1,QB
Jay Fiedler,2004,33,MIA,8,7,1,QB
David Garrard,2004,26,JAX,4,2,1,QB
Rex Grossman,2004,24,CHI,3,3,1,QB
Chad Hutchinson,2004,27,CHI,5,5,1,QB
Shaun King,2004,27,ARI,3,2,1,QB
Craig Krenzel,2004,23,CHI,6,5,1,QB
Tommy Maddox,2004,33,PIT,4,3,1,QB
Craig Nall,2004,25,GNB,5,0,1,QB
Doug Pederson,2004,36,GNB,4,0,1,QB
Jonathan Quinn,2004,29,CHI,5,3,1,QB
Sage Rosenfels,2004,26,MIA,3,1,1,QB
Matt Schaub,2004,23,ATL,6,1,1,QB
Chris Simms,2004,24,TAM,5,2,1,QB
Jim Sorgi,2004,24,IND,4,0,1,QB
Tony Banks,2004,31,HOU,5,0,0,QB
Jeff Blake,2004,34,PHI,3,0,0,QB
Brooks Bollinger,2004,25,NYJ,1,0,0,QB
Todd Bouman,2004,32,NOR,16,0,0,QB
Mark Brunell,2004,34,WAS,9,9,0,QB
Todd Collins,2004,33,KAN,2,0,0,QB
Rohan Davey,2004,26,NWE,4,0,0,QB
Ken Dorsey,2004,23,SFO,8,7,0,QB
Gus Frerotte,2004,33,MIN,16,0,0,QB
Drew Henson,2004,24,DAL,7,1,0,QB
Doug Johnson,2004,27,TEN,2,0,0,QB
J.P. Losman,2004,23,BUF,4,0,0,QB
Jamie Martin,2004,34,STL,1,0,0,QB
Shane Matthews,2004,34,BUF,3,0,0,QB
Mike McMahon,2004,25,DET,1,0,0,QB
John Navarre,2004,24,ARI,1,1,0,QB
J.T. O'Sullivan,2004,25,GNB,1,0,0,QB
Rodney Peete,2004,38,CAR,1,0,0,QB
Cody Pickett,2004,24,SFO,1,0,0,QB
Philip Rivers,2004,23,SDG,2,0,0,QB
Tony Romo,2004,24,DAL,6,0,0,QB
Brian St. Pierre,2004,25,PIT,1,0,0,QB
Kordell Stewart,2004,32,BAL,2,0,0,QB
Eli Manning,2004,23,NYG,9,7,-1,QB
Peyton Manning,2005,29,IND,16,16,18,QB
Carson Palmer,2005,26,CIN,16,16,16,QB
Tom Brady,2005,28,NWE,16,16,15,QB
Drew Brees,2005,26,SDG,16,16,15,QB
Trent Green,2005,35,KAN,16,16,15,QB
Matt Hasselbeck,2005,30,SEA,16,16,15,QB
Eli Manning,2005,24,NYG,16,16,15,QB
Jake Plummer,2005,31,DEN,16,16,15,QB
Jake Delhomme,2005,30,CAR,16,16,14,QB
Michael Vick,2005,25,ATL,15,15,13,QB
Drew Bledsoe,2005,33,DAL,16,16,11,QB
David Carr,2005,26,HOU,16,16,11,QB
Kerry Collins,2005,33,OAK,15,15,11,QB
Ben Roethlisberger,2005,23,PIT,12,12,11,QB
Mark Brunell,2005,35,WAS,16,15,10,QB
Steve McNair,2005,32,TEN,14,14,10,QB
Brett Favre,2005,36,GNB,16,16,9,QB
Gus Frerotte,2005,34,MIA,16,15,9,QB
Byron Leftwich,2005,25,JAX,11,11,9,QB
Aaron Brooks,2005,29,NOR,13,13,8,QB
Marc Bulger,2005,28,STL,8,8,7,QB
Donovan McNabb,2005,29,PHI,9,9,7,QB
Kurt Warner,2005,34,ARI,10,10,7,QB
Trent Dilfer,2005,33,CLE,11,11,6,QB
David Garrard,2005,27,JAX,7,5,6,QB
Brad Johnson,2005,37,MIN,15,9,6,QB
Chris Simms,2005,25,TAM,11,10,6,QB
Brooks Bollinger,2005,26,NYJ,11,9,5,QB
Daunte Culpepper,2005,28,MIN,7,7,5,QB
Joey Harrington,2005,27,DET,12,11,5,QB
Kelly Holcomb,2005,32,BUF,10,8,5,QB
Josh McCown,2005,26,ARI,9,6,5,QB
J.P. Losman,2005,24,BUF,9,8,4,QB
Jamie Martin,2005,35,STL,8,5,4,QB
Kyle Boller,2005,24,BAL,9,9,3,QB
Brian Griese,2005,30,TAM,6,6,3,QB
Anthony Wright,2005,29,BAL,9,7,3,QB
Todd Bouman,2005,33,NOR,16,3,2,QB
Ryan Fitzpatrick,2005,23,STL,4,3,2,QB
Charlie Frye,2005,24,CLE,7,5,2,QB
Tommy Maddox,2005,34,PIT,4,2,2,QB
Kyle Orton,2005,23,CHI,15,15,2,QB
Chad Pennington,2005,29,NYJ,3,3,2,QB
Tim Rattay,2005,28,SFO,4,4,2,QB
Matt Schaub,2005,24,ATL,16,1,2,QB
Jim Sorgi,2005,25,IND,5,0,2,QB
Vinny Testaverde,2005,42,NYJ,6,4,2,QB
Tony Banks,2005,32,HOU,2,0,1,QB
Charlie Batch,2005,31,PIT,4,2,1,QB
Matt Cassel,2005,23,NWE,2,0,1,QB
Koy Detmer,2005,32,PHI,16,0,1,QB
Ken Dorsey,2005,24,SFO,3,3,1,QB
Rex Grossman,2005,25,CHI,2,1,1,QB
Jon Kitna,2005,33,CIN,3,0,1,QB
Matt Mauck,2005,26,TEN,2,1,1,QB
Mike McMahon,2005,26,PHI,9,7,1,QB
Cody Pickett,2005,25,SFO,5,2,1,QB
Patrick Ramsey,2005,26,WAS,4,1,1,QB
Sage Rosenfels,2005,27,MIA,4,1,1,QB
Billy Volek,2005,29,TEN,6,1,1,QB
Seneca Wallace,2005,25,SEA,7,0,1,QB
Jeff Blake,2005,35,CHI,2,0,0,QB
Todd Collins,2005,34,KAN,1,0,0,QB
Jay Fiedler,2005,34,NYJ,2,0,0,QB
Doug Flutie,2005,43,NWE,5,0,0,QB
Jeff Garcia,2005,35,DET,6,5,0,QB
Quinn Gray,2005,26,JAX,1,0,0,QB
Tim Hasselbeck,2005,27,NYG,2,0,0,QB
Shaun Hill,2005,25,MIN,1,0,0,QB
Kliff Kingsbury,2005,26,NYJ,1,0,0,QB
John Navarre,2005,25,ARI,1,0,0,QB
Dan Orlovsky,2005,22,DET,2,0,0,QB
Philip Rivers,2005,24,SDG,2,0,0,QB
Aaron Rodgers,2005,22,GNB,3,0,0,QB
Tony Romo,2005,25,DAL,16,0,0,QB
Kordell Stewart,2005,33,BAL,1,0,0,QB
Marques Tuiasosopo,2005,26,OAK,1,1,0,QB
Bradlee Van Pelt,2005,25,DEN,3,0,0,QB
Chris Weinke,2005,33,CAR,3,0,0,QB
Alex Smith,2005,21,SFO,9,7,-3,QB
Peyton Manning,2006,30,IND,16,16,20,QB
Philip Rivers,2006,25,SDG,16,16,18,QB
Drew Brees,2006,27,NOR,16,16,15,QB
Marc Bulger,2006,29,STL,16,16,15,QB
Michael Vick,2006,26,ATL,16,16,15,QB
Tom Brady,2006,29,NWE,16,16,14,QB
Carson Palmer,2006,27,CIN,16,16,14,QB
Jon Kitna,2006,34,DET,16,16,13,QB
Eli Manning,2006,25,NYG,16,16,12,QB
Chad Pennington,2006,30,NYJ,16,16,12,QB
Tony Romo,2006,26,DAL,16,10,12,QB
Donovan McNabb,2006,30,PHI,10,10,11,QB
Ben Roethlisberger,2006,24,PIT,15,15,11,QB
David Carr,2006,27,HOU,16,16,10,QB
Rex Grossman,2006,26,CHI,16,16,10,QB
J.P. Losman,2006,25,BUF,16,16,10,QB
Steve McNair,2006,33,BAL,16,16,10,QB
Alex Smith,2006,22,SFO,16,16,10,QB
Brett Favre,2006,37,GNB,16,16,9,QB
David Garrard,2006,28,JAX,11,10,9,QB
Vince Young,2006,23,TEN,15,13,9,QB
Matt Hasselbeck,2006,31,SEA,12,12,8,QB
Damon Huard,2006,33,KAN,10,8,8,QB
Matt Leinart,2006,23,ARI,12,11,8,QB
Jake Delhomme,2006,31,CAR,13,13,7,QB
Mark Brunell,2006,36,WAS,10,9,6,QB
Brad Johnson,2006,38,MIN,15,14,6,QB
Jake Plummer,2006,32,DEN,16,11,6,QB
Jason Campbell,2006,24,WAS,7,7,5,QB
Charlie Frye,2006,25,CLE,13,13,5,QB
Jeff Garcia,2006,36,PHI,8,6,5,QB
Trent Green,2006,36,KAN,8,8,5,QB
Byron Leftwich,2006,26,JAX,6,6,5,QB
Kurt Warner,2006,35,ARI,6,5,5,QB
Drew Bledsoe,2006,34,DAL,6,6,4,QB
Jay Cutler,2006,23,DEN,5,5,3,QB
Joey Harrington,2006,28,MIA,11,11,3,QB
Seneca Wallace,2006,26,SEA,8,4,3,QB
Derek Anderson,2006,23,CLE,5,3,2,QB
Charlie Batch,2006,32,PIT,8,1,2,QB
Kyle Boller,2006,25,BAL,5,0,2,QB
Kerry Collins,2006,34,TEN,4,3,2,QB
Daunte Culpepper,2006,29,MIA,4,4,2,QB
Bruce Gradkowski,2006,23,TAM,13,11,2,QB
Tim Rattay,2006,29,TAM,4,2,2,QB
Chris Weinke,2006,34,CAR,3,3,2,QB
A.J. Feeley,2006,29,PHI,2,0,1,QB
Quinn Gray,2006,27,JAX,2,0,1,QB
Brian Griese,2006,31,CHI,6,0,1,QB
Tarvaris Jackson,2006,23,MIN,4,2,1,QB
Cleo Lemon,2006,27,MIA,4,1,1,QB
Jamie Martin,2006,36,NOR,16,0,1,QB
Sage Rosenfels,2006,28,HOU,4,0,1,QB
Matt Schaub,2006,25,ATL,16,0,1,QB
Chris Simms,2006,26,TAM,3,3,1,QB
Brad Smith,2006,23,NYJ,16,3,1,WR/QB
Brett Basanez,2006,23,CAR,1,0,0,QB
Brooks Bollinger,2006,27,MIN,2,0,0,QB
Aaron Brooks,2006,30,OAK,8,8,0,QB
Matt Cassel,2006,24,NWE,6,0,0,QB
Kellen Clemens,2006,23,NYJ,2,0,0,QB
Brodie Croyle,2006,23,KAN,2,0,0,QB
Koy Detmer,2006,33,PHI,0,0,0,QB
Ken Dorsey,2006,25,CLE,1,0,0,QB
Ryan Fitzpatrick,2006,24,STL,1,0,0,QB
Gus Frerotte,2006,35,STL,1,0,0,QB
Jared Lorenzen,2006,25,NYG,2,0,0,QB
Ingle Martin,2006,24,GNB,1,0,0,QB
Josh McCown,2006,27,DET,2,0,0,QB
Reggie McNeal,2006,23,CIN,7,0,0,QB
Patrick Ramsey,2006,27,NYJ,1,0,0,QB
Aaron Rodgers,2006,23,GNB,2,0,0,QB
Jim Sorgi,2006,26,IND,1,0,0,QB
Vinny Testaverde,2006,43,NWE,3,0,0,QB
Marques Tuiasosopo,2006,27,OAK,2,0,0,QB
Marcus Vick,2006,22,MIA,1,0,0,WR/QB
Billy Volek,2006,30,SDG,1,0,0,QB
Andrew Walter,2006,24,OAK,12,8,0,QB
Charlie Whitehurst,2006,24,SDG,2,0,0,QB
Anthony Wright,2006,30,CIN,4,0,0,QB
Tom Brady,2007,30,NWE,16,16,23,QB
Peyton Manning,2007,31,IND,16,16,17,QB
Tony Romo,2007,27,DAL,16,16,17,QB
Derek Anderson,2007,24,CLE,16,15,14,QB
Drew Brees,2007,28,NOR,16,16,14,QB
Brett Favre,2007,38,GNB,16,16,14,QB
Carson Palmer,2007,28,CIN,16,16,14,QB
Ben Roethlisberger,2007,25,PIT,15,15,14,QB
David Garrard,2007,29,JAX,12,12,13,QB
Philip Rivers,2007,26,SDG,16,16,13,QB
Jay Cutler,2007,24,DEN,16,16,12,QB
Jon Kitna,2007,35,DET,16,16,12,QB
Donovan McNabb,2007,31,PHI,14,14,12,QB
Matt Hasselbeck,2007,32,SEA,16,16,11,QB
Eli Manning,2007,26,NYG,16,16,10,QB
Kurt Warner,2007,36,ARI,14,11,10,QB
Jason Campbell,2007,25,WAS,13,13,9,QB
Jeff Garcia,2007,37,TAM,13,13,9,QB
Vince Young,2007,24,TEN,15,15,9,QB
Matt Schaub,2007,26,HOU,11,11,8,QB
Tarvaris Jackson,2007,24,MIN,12,12,7,QB
Joey Harrington,2007,29,ATL,12,10,6,QB
Sage Rosenfels,2007,29,HOU,9,5,6,QB
Marc Bulger,2007,30,STL,12,12,5,QB
Quinn Gray,2007,28,JAX,8,4,5,QB
Damon Huard,2007,34,KAN,11,10,5,QB
Cleo Lemon,2007,28,MIA,9,7,5,QB
Chad Pennington,2007,31,NYJ,9,8,5,QB
Kyle Boller,2007,26,BAL,12,8,4,QB
Daunte Culpepper,2007,30,OAK,7,6,4,QB
Brian Griese,2007,32,CHI,7,6,4,QB
J.P. Losman,2007,26,BUF,8,7,4,QB
Luke McCown,2007,26,TAM,5,3,4,QB
Kellen Clemens,2007,24,NYJ,10,8,3,QB
Trent Edwards,2007,24,BUF,10,9,3,QB
Trent Green,2007,37,MIA,5,5,3,QB
Rex Grossman,2007,27,CHI,8,7,3,QB
Chris Redman,2007,30,ATL,7,4,3,QB
John Beck,2007,26,MIA,5,4,2,QB
David Carr,2007,28,CAR,6,4,2,QB
Kerry Collins,2007,35,TEN,6,1,2,QB
Todd Collins,2007,36,WAS,4,3,2,QB
Jake Delhomme,2007,32,CAR,3,3,2,QB
A.J. Feeley,2007,30,PHI,3,2,2,QB
Kelly Holcomb,2007,34,MIN,3,3,2,QB
Matt Leinart,2007,24,ARI,5,5,2,QB
Matt Moore,2007,23,CAR,9,3,2,QB
Charlie Batch,2007,33,PIT,7,1,1,QB
Brooks Bollinger,2007,28,MIN,5,1,1,QB
Brodie Croyle,2007,24,KAN,9,6,1,QB
Bruce Gradkowski,2007,24,TAM,4,0,1,QB
Shaun Hill,2007,27,SFO,3,2,1,QB
Byron Leftwich,2007,27,ATL,3,2,1,QB
Josh McCown,2007,28,OAK,9,9,1,QB
Steve McNair,2007,34,BAL,6,6,1,QB
Kyle Orton,2007,25,CHI,3,3,1,QB
Patrick Ramsey,2007,28,DEN,2,0,1,QB
Aaron Rodgers,2007,24,GNB,2,0,1,QB
JaMarcus Russell,2007,22,OAK,4,1,1,QB
Troy Smith,2007,23,BAL,4,2,1,QB
Jim Sorgi,2007,27,IND,4,0,1,QB
Seneca Wallace,2007,27,SEA,10,0,1,QB
Brock Berlin,2007,26,STL,1,1,0,QB
Matt Cassel,2007,25,NWE,6,0,0,QB
Ryan Fitzpatrick,2007,25,CIN,1,0,0,QB
Charlie Frye,2007,26,CLE,1,1,0,QB
Matt Gutierrez,2007,23,NWE,5,0,0,QB
Tim Hasselbeck,2007,29,ARI,1,0,0,QB
Brad Johnson,2007,39,DAL,16,0,0,QB
Kevin Kolb,2007,23,PHI,1,0,0,QB
Jared Lorenzen,2007,26,NYG,2,0,0,QB
Jamie Martin,2007,37,NOR,3,0,0,QB
Craig Nall,2007,28,GNB,1,0,0,QB
J.T. O'Sullivan,2007,28,DET,4,0,0,QB
Brady Quinn,2007,23,CLE,1,0,0,QB
Tim Rattay,2007,30,ARI,4,0,0,QB
Alex Smith,2007,23,SFO,7,7,0,QB
Vinny Testaverde,2007,44,CAR,7,6,0,QB
Tyler Thigpen,2007,23,KAN,1,0,0,QB
Billy Volek,2007,31,SDG,5,0,0,QB
Andrew Walter,2007,25,OAK,1,0,0,QB
Chris Weinke,2007,35,SFO,2,1,0,QB
Anthony Wright,2007,31,NYG,3,0,0,QB
Trent Dilfer,2007,35,SFO,7,6,-2,QB
Gus Frerotte,2007,36,STL,8,3,-2,QB
Drew Brees,2008,29,NOR,16,16,17,QB
Matt Cassel,2008,26,NWE,16,15,17,QB
Philip Rivers,2008,27,SDG,16,16,17,QB
Peyton Manning,2008,32,IND,16,16,16,QB
Kurt Warner,2008,37,ARI,16,16,16,QB
Jay Cutler,2008,25,DEN,16,16,15,QB
Aaron Rodgers,2008,25,GNB,16,16,15,QB
Matt Ryan,2008,23,ATL,16,16,14,QB
David Garrard,2008,30,JAX,16,16,13,QB
Chad Pennington,2008,32,MIA,16,16,13,QB
Jake Delhomme,2008,33,CAR,16,16,12,QB
Brett Favre,2008,39,NYJ,16,16,12,QB
Joe Flacco,2008,23,BAL,16,16,12,QB
Eli Manning,2008,27,NYG,16,16,12,QB
Donovan McNabb,2008,32,PHI,16,16,12,QB
Jason Campbell,2008,27,WAS,16,16,11,QB
Ben Roethlisberger,2008,26,PIT,16,16,11,QB
Tony Romo,2008,28,DAL,13,13,10,QB
Matt Schaub,2008,27,HOU,11,11,10,QB
Trent Edwards,2008,25,BUF,14,14,9,QB
Jeff Garcia,2008,38,TAM,12,11,9,QB
Kyle Orton,2008,26,CHI,15,15,9,QB
Tyler Thigpen,2008,24,KAN,14,11,9,QB
Kerry Collins,2008,36,TEN,16,15,8,QB
Shaun Hill,2008,28,SFO,9,8,7,QB
JaMarcus Russell,2008,23,OAK,15,15,7,QB
Gus Frerotte,2008,37,MIN,11,11,6,QB
J.T. O'Sullivan,2008,29,SFO,9,8,6,QB
Marc Bulger,2008,31,STL,15,15,5,QB
Sage Rosenfels,2008,30,HOU,6,5,5,QB
Seneca Wallace,2008,28,SEA,10,8,5,QB
Tarvaris Jackson,2008,25,MIN,9,5,4,QB
Dan Orlovsky,2008,25,DET,10,7,4,QB
Ryan Fitzpatrick,2008,26,CIN,13,12,3,QB
Derek Anderson,2008,25,CLE,10,9,2,QB
Daunte Culpepper,2008,31,DET,5,5,2,QB
Jon Kitna,2008,36,DET,4,4,2,QB
J.P. Losman,2008,27,BUF,5,2,2,QB
Carson Palmer,2008,29,CIN,4,4,2,QB
Ken Dorsey,2008,27,CLE,4,3,1,QB
Trent Green,2008,38,STL,3,1,1,QB
Rex Grossman,2008,28,CHI,4,1,1,QB
Damon Huard,2008,35,KAN,5,3,1,QB
Brad Johnson,2008,40,DAL,16,3,1,QB
Byron Leftwich,2008,28,PIT,5,0,1,QB
Matt Leinart,2008,25,ARI,4,0,1,QB
Brady Quinn,2008,24,CLE,3,3,1,QB
Troy Smith,2008,24,BAL,6,0,1,QB
Jim Sorgi,2008,28,IND,1,0,1,QB
Andrew Walter,2008,26,OAK,2,1,1,QB
Vince Young,2008,25,TEN,3,1,1,QB
Brock Berlin,2008,27,STL,1,0,0,QB
Brooks Bollinger,2008,29,DAL,2,0,0,QB
Tom Brady,2008,31,NWE,1,1,0,QB
Mark Brunell,2008,38,NOR,2,0,0,QB
David Carr,2008,29,NYG,3,0,0,QB
Kellen Clemens,2008,25,NYJ,2,0,0,QB
Brodie Croyle,2008,25,KAN,2,2,0,QB
Dennis Dixon,2008,23,PIT,1,0,0,QB
Matt Flynn,2008,23,GNB,7,0,0,QB
Charlie Frye,2008,27,SEA,2,1,0,QB
Bruce Gradkowski,2008,25,CLE,2,1,0,QB
Quinn Gray,2008,29,KAN,1,0,0,QB
Brian Griese,2008,33,TAM,5,5,0,QB
Matt Hasselbeck,2008,33,SEA,7,7,0,QB
Chad Henne,2008,23,MIA,3,0,0,QB
Drew Henson,2008,28,DET,2,0,0,QB
Kevin Kolb,2008,24,PHI,6,0,0,QB
Cleo Lemon,2008,29,JAX,2,0,0,QB
Josh McCown,2008,29,CAR,2,0,0,QB
Luke McCown,2008,27,TAM,2,0,0,QB
Kevin O'Connell,2008,23,NWE,2,0,0,QB
Jordan Palmer,2008,24,CIN,3,0,0,QB
Patrick Ramsey,2008,29,DEN,1,0,0,QB
Chris Simms,2008,28,TEN,1,0,0,QB
Drew Stanton,2008,24,DET,3,0,0,QB
Marques Tuiasosopo,2008,29,OAK,2,0,0,QB
Philip Rivers,2009,28,SDG,16,16,19,QB
Aaron Rodgers,2009,26,GNB,16,16,19,QB
Tom Brady,2009,32,NWE,16,16,17,QB
Peyton Manning,2009,33,IND,16,16,17,QB
Drew Brees,2009,30,NOR,15,15,16,QB
Brett Favre,2009,40,MIN,16,16,16,QB
Matt Schaub,2009,28,HOU,16,16,15,QB
Ben Roethlisberger,2009,27,PIT,15,15,14,QB
Tony Romo,2009,29,DAL,16,16,14,QB
Joe Flacco,2009,24,BAL,16,16,13,QB
David Garrard,2009,31,JAX,16,16,13,QB
Eli Manning,2009,28,NYG,16,16,13,QB
Donovan McNabb,2009,33,PHI,14,14,13,QB
Jason Campbell,2009,28,WAS,16,16,11,QB
Kurt Warner,2009,38,ARI,15,15,11,QB
Jay Cutler,2009,26,CHI,16,16,10,QB
Kyle Orton,2009,27,DEN,16,15,10,QB
Carson Palmer,2009,30,CIN,16,16,10,QB
Matt Ryan,2009,24,ATL,14,14,10,QB
Chad Henne,2009,24,MIA,14,13,8,QB
Vince Young,2009,26,TEN,12,10,8,QB
Matt Cassel,2009,27,KAN,15,15,7,QB
Matt Hasselbeck,2009,34,SEA,14,14,7,QB
Alex Smith,2009,25,SFO,11,10,7,QB
Mark Sanchez,2009,23,NYJ,15,15,6,QB
Jake Delhomme,2009,34,CAR,11,11,3,QB
Trent Edwards,2009,26,BUF,8,7,3,QB
Ryan Fitzpatrick,2009,27,BUF,10,8,3,QB
Bruce Gradkowski,2009,26,OAK,7,4,3,QB
Shaun Hill,2009,29,SFO,6,6,3,QB
Matt Moore,2009,25,CAR,7,5,3,QB
Chris Redman,2009,32,ATL,6,2,3,QB
Matthew Stafford,2009,21,DET,10,10,3,QB
Marc Bulger,2009,32,STL,9,8,2,QB
Josh Freeman,2009,21,TAM,10,9,2,QB
Josh Johnson,2009,23,TAM,6,4,2,QB
Kevin Kolb,2009,25,PHI,5,2,2,QB
Brady Quinn,2009,25,CLE,10,9,2,QB
Seneca Wallace,2009,29,SEA,13,2,2,QB
David Carr,2009,30,NYG,6,0,1,QB
Kerry Collins,2009,37,TEN,7,6,1,QB
Brodie Croyle,2009,26,KAN,3,1,1,QB
Daunte Culpepper,2009,32,DET,8,5,1,QB
Dennis Dixon,2009,24,PIT,1,1,1,QB
Charlie Frye,2009,28,OAK,3,3,1,QB
Brian Hoyer,2009,24,NWE,5,0,1,QB
Tarvaris Jackson,2009,26,MIN,8,0,1,QB
Byron Leftwich,2009,29,TAM,3,3,1,QB
Matt Leinart,2009,26,ARI,8,1,1,QB
Keith Null,2009,24,STL,4,4,1,QB
Chad Pennington,2009,33,MIA,3,3,1,QB
Drew Stanton,2009,25,DET,3,1,1,QB
Michael Vick,2009,29,PHI,12,1,1,QB
Billy Volek,2009,33,SDG,4,0,1,QB
Charlie Batch,2009,35,PIT,1,0,0,QB
Brian Brohm,2009,24,BUF,2,1,0,QB
Mark Brunell,2009,39,NOR,16,1,0,QB
Kellen Clemens,2009,26,NYJ,10,1,0,QB
Todd Collins,2009,38,WAS,3,0,0,QB
Matt Flynn,2009,24,GNB,15,0,0,QB
Jeff Garcia,2009,39,PHI,1,0,0,QB
Rex Grossman,2009,29,HOU,1,0,0,QB
Matt Gutierrez,2009,25,KAN,1,0,0,QB
Caleb Hanie,2009,24,CHI,2,0,0,QB
J.P. Losman,2009,28,OAK,1,0,0,QB
Josh McCown,2009,30,CAR,1,0,0,QB
Luke McCown,2009,28,JAX,3,0,0,QB
J.T. O'Sullivan,2009,30,CIN,3,0,0,QB
Curtis Painter,2009,24,IND,2,0,0,QB
Chris Simms,2009,29,DEN,3,1,0,QB
Troy Smith,2009,25,BAL,4,0,0,QB
Jim Sorgi,2009,29,IND,1,0,0,QB
Brian St. Pierre,2009,30,ARI,1,0,0,QB
Tyler Thigpen,2009,25,"KAN,MIA",2,0,0,QB
Kyle Boller,2009,28,STL,7,4,-2,QB
JaMarcus Russell,2009,24,OAK,12,9,-2,QB
Derek Anderson,2009,26,CLE,8,7,-4,QB
Tom Brady,2010,33,NWE,16,16,18,QB
Philip Rivers,2010,29,SDG,16,16,17,QB
Matt Schaub,2010,29,HOU,16,16,17,QB
Peyton Manning,2010,34,IND,16,16,16,QB
Matt Ryan,2010,25,ATL,16,16,16,QB
Aaron Rodgers,2010,27,GNB,15,15,15,QB
Michael Vick,2010,30,PHI,12,12,15,QB
Drew Brees,2010,31,NOR,16,16,14,QB
Matt Cassel,2010,28,KAN,15,15,13,QB
Josh Freeman,2010,22,TAM,16,16,13,QB
David Garrard,2010,32,JAX,14,14,13,QB
Jay Cutler,2010,27,CHI,15,15,12,QB
Joe Flacco,2010,25,BAL,16,16,12,QB
Eli Manning,2010,29,NYG,16,16,12,QB
Ben Roethlisberger,2010,28,PIT,12,12,12,QB
Kyle Orton,2010,28,DEN,13,13,11,QB
Carson Palmer,2010,31,CIN,16,16,11,QB
Sam Bradford,2010,23,STL,16,16,9,QB
Jason Campbell,2010,28,OAK,13,12,9,QB
Ryan Fitzpatrick,2010,28,BUF,13,13,9,QB
Mark Sanchez,2010,24,NYJ,16,16,9,QB
Matt Hasselbeck,2010,35,SEA,14,14,8,QB
Shaun Hill,2010,30,DET,11,10,8,QB
Jon Kitna,2010,38,DAL,10,9,8,QB
Donovan McNabb,2010,34,WAS,13,13,8,QB
Kerry Collins,2010,38,TEN,10,7,6,QB
Chad Henne,2010,25,MIA,15,14,6,QB
Tony Romo,2010,30,DAL,6,6,6,QB
Alex Smith,2010,26,SFO,11,10,6,QB
Vince Young,2010,27,TEN,9,8,6,QB
Brett Favre,2010,41,MIN,13,13,5,QB
Derek Anderson,2010,27,ARI,12,9,4,QB
Colt McCoy,2010,24,CLE,8,8,4,QB
Troy Smith,2010,26,SFO,6,6,4,QB
Kevin Kolb,2010,26,PHI,7,5,3,QB
Drew Stanton,2010,26,DET,6,3,3,QB
Tim Tebow,2010,23,DEN,9,3,3,QB
Jake Delhomme,2010,35,CLE,5,4,2,QB
Trent Edwards,2010,27,"BUF,JAX",5,3,2,QB
Bruce Gradkowski,2010,27,OAK,6,4,2,QB
Rex Grossman,2010,30,WAS,4,3,2,QB
Matt Moore,2010,26,CAR,6,5,2,QB
John Skelton,2010,22,ARI,5,4,2,QB
Matthew Stafford,2010,22,DET,3,3,2,QB
Seneca Wallace,2010,30,CLE,8,4,2,QB
Joe Webb,2010,24,MIN,5,2,2,QB
Charlie Whitehurst,2010,28,SEA,6,2,2,QB
Charlie Batch,2010,36,PIT,3,2,1,QB
Todd Bouman,2010,38,JAX,1,1,1,QB
Dennis Dixon,2010,25,PIT,2,2,1,QB
Matt Flynn,2010,25,GNB,7,1,1,QB
Max Hall,2010,25,ARI,6,3,1,QB
Tarvaris Jackson,2010,27,MIN,3,1,1,QB
Josh Johnson,2010,24,TAM,11,0,1,QB
Stephen McGee,2010,25,DAL,2,1,1,QB
Rusty Smith,2010,23,TEN,2,1,1,QB
Tyler Thigpen,2010,26,MIA,5,1,1,QB
Richard Bartel,2010,27,ARI,1,0,0,QB
Kyle Boller,2010,29,OAK,5,0,0,QB
Brian Brohm,2010,25,BUF,1,1,0,QB
Levi Brown,2010,23,BUF,1,0,0,QB
Mark Brunell,2010,40,NYJ,2,0,0,QB
David Carr,2010,31,SFO,1,0,0,QB
Jimmy Clausen,2010,23,CAR,13,10,0,QB
Kellen Clemens,2010,27,NYJ,1,0,0,QB
Todd Collins,2010,39,CHI,2,1,0,QB
Brodie Croyle,2010,27,KAN,2,1,0,QB
Chase Daniel,2010,24,NOR,13,0,0,QB
Armanti Edwards,2010,22,CAR,3,0,0,QB
Caleb Hanie,2010,25,CHI,2,0,0,QB
Brian Hoyer,2010,25,NWE,5,0,0,QB
Byron Leftwich,2010,30,PIT,1,0,0,QB
Luke McCown,2010,29,JAX,1,0,0,QB
Dan Orlovsky,2010,27,HOU,1,0,0,QB
Tyler Palko,2010,27,KAN,2,0,0,QB
Jordan Palmer,2010,26,CIN,1,0,0,QB
Chad Pennington,2010,34,MIA,1,1,0,QB
Tony Pike,2010,24,CAR,1,0,0,QB
Chris Redman,2010,33,ATL,2,0,0,QB
Sage Rosenfels,2010,32,NYG,12,0,0,QB
Brian St. Pierre,2010,31,CAR,1,1,0,QB
Billy Volek,2010,34,SDG,3,0,0,QB
Aaron Rodgers,2011,28,GNB,15,15,23,QB
Tom Brady,2011,34,NWE,16,16,21,QB
Drew Brees,2011,32,NOR,16,16,20,QB
Cam Newton,2011,22,CAR,16,16,19,QB
Philip Rivers,2011,30,SDG,16,16,17,QB
Matthew Stafford,2011,23,DET,16,16,16,QB
Eli Manning,2011,30,NYG,16,16,15,QB
Matt Ryan,2011,26,ATL,16,16,15,QB
Tony Romo,2011,31,DAL,16,16,13,QB
Alex Smith,2011,27,SFO,16,16,13,QB
Joe Flacco,2011,26,BAL,16,16,12,QB
Ben Roethlisberger,2011,29,PIT,15,15,12,QB
Michael Vick,2011,31,PHI,13,13,12,QB
Andy Dalton,2011,24,CIN,16,16,11,QB
Ryan Fitzpatrick,2011,29,BUF,16,16,11,QB
Matt Hasselbeck,2011,36,TEN,16,16,9,QB
Tarvaris Jackson,2011,28,SEA,15,14,9,QB
Josh Freeman,2011,23,TAM,15,15,8,QB
Matt Moore,2011,27,MIA,13,12,8,QB
Carson Palmer,2011,32,OAK,10,9,8,QB
Mark Sanchez,2011,25,NYJ,16,16,8,QB
Matt Schaub,2011,30,HOU,10,10,8,QB
Tim Tebow,2011,24,DEN,14,11,8,QB
Jay Cutler,2011,28,CHI,10,10,7,QB
Rex Grossman,2011,31,WAS,13,13,6,QB
Kevin Kolb,2011,27,ARI,9,9,5,QB
Colt McCoy,2011,25,CLE,13,13,5,QB
Christian Ponder,2011,23,MIN,11,10,5,QB
Jason Campbell,2011,29,OAK,6,6,4,QB
Blaine Gabbert,2011,22,JAX,15,14,4,QB
Donovan McNabb,2011,35,MIN,6,6,4,QB
John Skelton,2011,23,ARI,8,7,4,QB
Sam Bradford,2011,24,STL,10,10,3,QB
Matt Cassel,2011,29,KAN,9,9,3,QB
Chad Henne,2011,26,MIA,4,4,3,QB
T.J. Yates,2011,24,HOU,6,5,3,QB
Vince Young,2011,28,PHI,6,3,3,QB
John Beck,2011,30,WAS,4,3,2,QB
Matt Flynn,2011,26,GNB,5,1,2,QB
Caleb Hanie,2011,26,CHI,6,4,2,QB
Jake Locker,2011,23,TEN,5,0,2,QB
Josh McCown,2011,32,CHI,3,2,2,QB
Dan Orlovsky,2011,28,IND,8,5,2,QB
Kyle Orton,2011,29,"DEN,KAN",9,8,2,QB
Curtis Painter,2011,26,IND,9,8,2,QB
Tyler Palko,2011,28,KAN,6,4,2,QB
Seneca Wallace,2011,31,CLE,6,3,2,QB
Joe Webb,2011,25,MIN,11,1,2,QB
Charlie Batch,2011,37,PIT,4,1,1,QB
Kyle Boller,2011,30,OAK,2,1,1,QB
Kellen Clemens,2011,28,STL,3,3,1,QB
Kerry Collins,2011,39,IND,3,3,1,QB
Jake Delhomme,2011,36,HOU,1,0,1,QB
A.J. Feeley,2011,34,STL,5,3,1,QB
Josh Johnson,2011,25,TAM,9,1,1,QB
Luke McCown,2011,30,JAX,4,2,1,QB
Stephen McGee,2011,26,DAL,1,0,1,QB
Chris Redman,2011,34,ATL,5,0,1,QB
Charlie Whitehurst,2011,29,SEA,3,2,1,QB
Derek Anderson,2011,28,CAR,2,0,0,QB
Richard Bartel,2011,28,ARI,2,0,0,QB
Tom Brandstater,2011,27,STL,1,0,0,QB
Mark Brunell,2011,41,NYJ,16,0,0,QB
Rudy Carpenter,2011,25,TAM,1,0,0,QB
Chase Daniel,2011,25,NOR,16,0,0,QB
Armanti Edwards,2011,23,CAR,16,0,0,QB
Bruce Gradkowski,2011,28,CIN,2,0,0,QB
Shaun Hill,2011,31,DET,2,0,0,QB
Brian Hoyer,2011,26,NWE,3,0,0,QB
Colin Kaepernick,2011,24,SFO,3,0,0,QB
Mike Kafka,2011,24,PHI,4,0,0,QB
Jon Kitna,2011,39,DAL,3,0,0,QB
Matt Leinart,2011,28,HOU,2,1,0,QB
J.P. Losman,2011,30,MIA,2,0,0,QB
Terrelle Pryor,2011,22,OAK,1,0,0,QB
Tyrod Taylor,2011,22,BAL,3,0,0,QB
Tyler Thigpen,2011,27,BUF,3,0,0,QB
Billy Volek,2011,35,SDG,2,0,0,QB
Tom Brady,2012,35,NWE,16,16,19,QB
Robert Griffin III,2012,22,WAS,15,15,18,QB
Matt Ryan,2012,27,ATL,16,16,18,QB
Eli Manning,2012,31,NYG,16,16,16,QB
Cam Newton,2012,23,CAR,16,16,16,QB
Aaron Rodgers,2012,29,GNB,16,16,16,QB
Russell Wilson,2012,24,SEA,16,16,16,QB
Drew Brees,2012,33,NOR,16,16,15,QB
Peyton Manning,2012,36,DEN,16,16,15,QB
Tony Romo,2012,32,DAL,16,16,14,QB
Joe Flacco,2012,27,BAL,16,16,13,QB
Josh Freeman,2012,24,TAM,16,16,13,QB
Andrew Luck,2012,23,IND,16,16,13,QB
Matthew Stafford,2012,24,DET,16,16,13,QB
Andy Dalton,2012,25,CIN,16,16,12,QB
Jay Cutler,2012,29,CHI,15,15,11,QB
Ryan Fitzpatrick,2012,30,BUF,16,16,11,QB
Christian Ponder,2012,24,MIN,16,16,11,QB
Matt Schaub,2012,31,HOU,16,16,11,QB
Sam Bradford,2012,25,STL,16,16,10,QB
Carson Palmer,2012,33,OAK,15,15,10,QB
Philip Rivers,2012,31,SDG,16,16,10,QB
Ben Roethlisberger,2012,30,PIT,13,13,10,QB
Ryan Tannehill,2012,24,MIA,16,16,10,QB
Colin Kaepernick,2012,25,SFO,13,7,9,QB
Alex Smith,2012,28,SFO,10,9,7,QB
Michael Vick,2012,32,PHI,10,10,7,QB
Brandon Weeden,2012,29,CLE,15,15,7,QB
Jake Locker,2012,24,TEN,11,11,6,QB
Mark Sanchez,2012,26,NYJ,15,15,5,QB
Nick Foles,2012,23,PHI,7,6,4,QB
Chad Henne,2012,27,JAX,10,6,4,QB
Blaine Gabbert,2012,23,JAX,10,10,3,QB
Matt Hasselbeck,2012,37,TEN,8,5,3,QB
Kevin Kolb,2012,28,ARI,6,5,3,QB
Brad Smith,2012,29,BUF,15,2,3,WR/QB
Matt Cassel,2012,30,KAN,9,8,2,QB
Kirk Cousins,2012,24,WAS,3,1,2,QB
Charlie Batch,2012,38,PIT,2,2,1,QB
Jason Campbell,2012,31,CHI,6,1,1,QB
Armanti Edwards,2012,24,CAR,16,0,1,QB
Brian Hoyer,2012,27,ARI,2,1,1,QB
Byron Leftwich,2012,32,PIT,2,1,1,QB
Greg McElroy,2012,24,NYJ,2,1,1,QB
Terrelle Pryor,2012,23,OAK,3,1,1,QB
Tyrod Taylor,2012,23,BAL,7,0,1,QB
Tim Tebow,2012,25,NYJ,12,2,1,QB
Derek Anderson,2012,29,CAR,2,0,0,QB
David Carr,2012,33,NYG,2,0,0,QB
Kellen Clemens,2012,29,STL,2,0,0,QB
Chase Daniel,2012,26,NOR,16,0,0,QB
Trent Edwards,2012,29,PHI,1,0,0,QB
Matt Flynn,2012,27,SEA,3,0,0,QB
Bruce Gradkowski,2012,29,CIN,2,0,0,QB
Graham Harrell,2012,27,GNB,4,0,0,QB
Shaun Hill,2012,32,DET,1,0,0,QB
Josh Johnson,2012,26,CLE,1,0,0,QB
Matt Leinart,2012,29,OAK,2,0,0,QB
Thaddeus Lewis,2012,27,CLE,1,1,0,QB
Ryan Mallett,2012,24,NWE,4,0,0,QB
Colt McCoy,2012,26,CLE,3,0,0,QB
Luke McCown,2012,31,ATL,2,0,0,QB
Matt Moore,2012,28,MIA,2,0,0,QB
Dan Orlovsky,2012,29,TAM,1,0,0,QB
Kyle Orton,2012,30,DAL,1,0,0,QB
Brock Osweiler,2012,22,DEN,5,0,0,QB
De'Andre Presley,2012,22,MIA,4,0,0,QB
Rusty Smith,2012,25,TEN,1,0,0,QB
Tyler Thigpen,2012,28,BUF,4,0,0,QB
Joe Webb,2012,26,MIN,1,0,0,QB
T.J. Yates,2012,25,HOU,4,0,0,QB
Brady Quinn,2012,28,KAN,10,8,-1,QB
John Skelton,2012,24,ARI,7,6,-2,QB
Ryan Lindley,2012,23,ARI,6,4,-5,QB
Peyton Manning,2013,37,DEN,16,16,19,QB
Drew Brees,2013,34,NOR,16,16,17,QB
Russell Wilson,2013,25,SEA,16,16,17,QB
Cam Newton,2013,24,CAR,16,16,16,QB
Philip Rivers,2013,32,SDG,16,16,16,QB
Colin Kaepernick,2013,26,SFO,16,16,15,QB
Andrew Luck,2013,24,IND,16,16,15,QB
Andy Dalton,2013,26,CIN,16,16,14,QB
Alex Smith,2013,29,KAN,15,15,14,QB
Tom Brady,2013,36,NWE,16,16,13,QB
Ben Roethlisberger,2013,31,PIT,16,16,13,QB
Tony Romo,2013,33,DAL,15,15,13,QB
Matt Ryan,2013,28,ATL,16,16,13,QB
Matthew Stafford,2013,25,DET,16,16,13,QB
Nick Foles,2013,24,PHI,13,10,11,QB
Carson Palmer,2013,34,ARI,16,16,11,QB
Ryan Tannehill,2013,25,MIA,16,16,11,QB
Jay Cutler,2013,30,CHI,11,11,9,QB
Ryan Fitzpatrick,2013,31,TEN,11,9,9,QB
Robert Griffin III,2013,23,WAS,13,13,9,QB
Aaron Rodgers,2013,30,GNB,9,9,9,QB
Joe Flacco,2013,28,BAL,16,16,8,QB
Josh McCown,2013,34,CHI,8,5,8,QB
Mike Glennon,2013,24,TAM,13,13,7,QB
Eli Manning,2013,32,NYG,16,16,7,QB
Geno Smith,2013,23,NYJ,16,16,7,QB
Sam Bradford,2013,26,STL,7,7,6,QB
Matt Cassel,2013,31,MIN,9,6,6,QB
Kellen Clemens,2013,30,STL,10,9,6,QB
Chad Henne,2013,28,JAX,15,13,6,QB
Christian Ponder,2013,25,MIN,9,9,6,QB
Terrelle Pryor,2013,24,OAK,11,9,6,QB
Matt Flynn,2013,28,"GNB,OAK",7,5,5,QB
Jake Locker,2013,25,TEN,7,7,5,QB
EJ Manuel,2013,23,BUF,10,10,5,QB
Michael Vick,2013,33,PHI,7,6,5,QB
Jason Campbell,2013,32,CLE,9,8,4,QB
Case Keenum,2013,25,HOU,8,8,4,QB
Matt McGloin,2013,24,OAK,7,6,4,QB
Josh Freeman,2013,25,"MIN,TAM",4,4,3,QB
Thaddeus Lewis,2013,28,BUF,6,5,3,QB
Matt Schaub,2013,32,HOU,10,8,3,QB
Brandon Weeden,2013,30,CLE,8,5,3,QB
Scott Tolzien,2013,26,GNB,3,2,2,QB
Matt Barkley,2013,23,PHI,3,0,1,QB
Chase Daniel,2013,27,KAN,5,1,1,QB
Blaine Gabbert,2013,24,JAX,3,3,1,QB
Brian Hoyer,2013,28,CLE,3,3,1,QB
Tarvaris Jackson,2013,30,SEA,3,0,1,QB
Kyle Orton,2013,31,DAL,3,1,1,QB
Matt Simms,2013,25,NYJ,3,0,1,QB
Jeff Tuel,2013,22,BUF,2,1,1,QB
Derek Anderson,2013,30,CAR,4,0,0,QB
Dominique Davis,2013,24,ATL,1,0,0,QB
Armanti Edwards,2013,25,"CAR,CLE",6,0,0,QB
Matt Hasselbeck,2013,38,IND,3,0,0,QB
Shaun Hill,2013,33,DET,1,0,0,QB
Josh Johnson,2013,27,CIN,2,0,0,QB
Colt McCoy,2013,27,SFO,4,0,0,QB
Luke McCown,2013,32,NOR,16,0,0,QB
Matt Moore,2013,29,MIA,1,0,0,QB
Dan Orlovsky,2013,30,TAM,2,0,0,QB
Brock Osweiler,2013,23,DEN,4,0,0,QB
Curtis Painter,2013,28,NYG,3,0,0,QB
Tyrod Taylor,2013,24,BAL,3,0,0,QB
Seneca Wallace,2013,33,GNB,2,1,0,QB
Joe Webb,2013,27,MIN,16,1,0,QB
Charlie Whitehurst,2013,31,SDG,2,0,0,QB
T.J. Yates,2013,26,HOU,3,0,0,QB
Kirk Cousins,2013,25,WAS,5,3,-2,QB
Aaron Rodgers,2014,31,GNB,16,16,22,QB
Russell Wilson,2014,26,SEA,16,16,19,QB
Tom Brady,2014,37,NWE,16,16,16,QB
Drew Brees,2014,35,NOR,16,16,16,QB
Andrew Luck,2014,25,IND,16,16,16,QB
Peyton Manning,2014,38,DEN,16,16,16,QB
Ben Roethlisberger,2014,32,PIT,16,16,16,QB
Matt Ryan,2014,29,ATL,16,16,15,QB
Tony Romo,2014,34,DAL,15,15,14,QB
Alex Smith,2014,30,KAN,15,15,14,QB
Ryan Tannehill,2014,26,MIA,16,16,14,QB
Joe Flacco,2014,29,BAL,16,16,13,QB
Eli Manning,2014,33,NYG,16,16,13,QB
Philip Rivers,2014,33,SDG,16,16,13,QB
Matthew Stafford,2014,26,DET,16,16,13,QB
Colin Kaepernick,2014,27,SFO,16,16,12,QB
Cam Newton,2014,25,CAR,14,14,12,QB
Jay Cutler,2014,31,CHI,15,15,11,QB
Andy Dalton,2014,27,CIN,16,16,11,QB
Teddy Bridgewater,2014,22,MIN,13,12,9,QB
Ryan Fitzpatrick,2014,32,HOU,12,12,8,QB
Kyle Orton,2014,32,BUF,12,12,8,QB
Brian Hoyer,2014,29,CLE,14,13,7,QB
Geno Smith,2014,24,NYJ,14,13,7,QB
Mark Sanchez,2014,28,PHI,9,8,6,QB
Blake Bortles,2014,22,JAX,14,13,5,QB
Derek Carr,2014,23,OAK,16,16,5,QB
Austin Davis,2014,25,STL,10,8,5,QB
Nick Foles,2014,25,PHI,8,8,5,QB
Robert Griffin III,2014,24,WAS,9,7,5,QB
Drew Stanton,2014,30,ARI,9,8,5,QB
Kirk Cousins,2014,26,WAS,6,5,4,QB
Mike Glennon,2014,25,TAM,6,5,4,QB
Shaun Hill,2014,34,STL,9,8,4,QB
Josh McCown,2014,35,TAM,11,11,4,QB
Carson Palmer,2014,35,ARI,6,6,4,QB
Charlie Whitehurst,2014,32,TEN,7,5,4,QB
Jake Locker,2014,26,TEN,7,5,3,QB
Colt McCoy,2014,28,WAS,5,4,3,QB
Zach Mettenberger,2014,23,TEN,7,6,3,QB
Derek Anderson,2014,31,CAR,6,2,2,QB
EJ Manuel,2014,24,BUF,5,4,2,QB
Michael Vick,2014,34,NYJ,10,3,2,QB
Matt Cassel,2014,32,MIN,3,3,1,QB
Jimmy Clausen,2014,27,CHI,4,1,1,QB
Chase Daniel,2014,28,KAN,3,1,1,QB
Jimmy Garoppolo,2014,23,NWE,6,0,1,QB
Matt Hasselbeck,2014,39,IND,4,0,1,QB
Chad Henne,2014,29,JAX,3,3,1,QB
Case Keenum,2014,26,HOU,2,2,1,QB
Ryan Lindley,2014,25,ARI,3,2,1,QB
Ryan Mallett,2014,26,HOU,3,2,1,QB
Christian Ponder,2014,26,MIN,2,1,1,QB
Brandon Weeden,2014,31,DAL,5,1,1,QB
Matt Barkley,2014,24,PHI,1,0,0,QB
Jason Campbell,2014,32,CIN,4,0,0,QB
Kellen Clemens,2014,31,SDG,2,0,0,QB
Matt Flynn,2014,29,GNB,7,0,0,QB
Blaine Gabbert,2014,25,SFO,1,0,0,QB
Bruce Gradkowski,2014,31,PIT,1,0,0,QB
Tarvaris Jackson,2014,31,SEA,1,0,0,QB
Johnny Manziel,2014,22,CLE,5,2,0,QB
Luke McCown,2014,33,NOR,16,0,0,QB
Matt McGloin,2014,25,OAK,1,0,0,QB
Matt Moore,2014,30,MIA,2,0,0,QB
Ryan Nassib,2014,24,NYG,4,0,0,QB
Brock Osweiler,2014,24,DEN,4,0,0,QB
Jordan Palmer,2014,30,TEN,1,0,0,QB
De'Andre Presley,2014,24,CAR,4,0,0,QB
Tom Savage,2014,24,HOU,2,0,0,QB
Matt Schaub,2014,33,OAK,11,0,0,QB
Connor Shaw,2014,23,CLE,1,1,0,QB
Matt Simms,2014,26,NYJ,1,0,0,QB
Tyrod Taylor,2014,25,BAL,1,0,0,QB
Joe Webb,2014,28,CAR,7,0,0,QB
T.J. Yates,2014,27,ATL,1,0,0,QB
Cam Newton,2015,26,CAR,16,16,21,QB
Russell Wilson,2015,27,SEA,16,16,19,QB
Tom Brady,2015,38,NWE,16,16,18,QB
Carson Palmer,2015,36,ARI,16,16,16,QB
Alex Smith,2015,31,KAN,16,16,16,QB
Blake Bortles,2015,23,JAX,16,16,14,QB
Drew Brees,2015,36,NOR,15,15,14,QB
Teddy Bridgewater,2015,23,MIN,16,16,14,QB
Eli Manning,2015,34,NYG,16,16,14,QB
Aaron Rodgers,2015,32,GNB,16,16,14,QB
Matt Ryan,2015,30,ATL,16,16,14,QB
Tyrod Taylor,2015,26,BUF,14,14,14,QB
Derek Carr,2015,24,OAK,16,16,13,QB
Andy Dalton,2015,28,CIN,13,13,13,QB
Ryan Fitzpatrick,2015,33,NYJ,16,16,13,QB
Matthew Stafford,2015,27,DET,16,16,13,QB
Jameis Winston,2015,21,TAM,16,16,13,QB
Kirk Cousins,2015,27,WAS,16,16,12,QB
Philip Rivers,2015,34,SDG,16,16,12,QB
Ben Roethlisberger,2015,33,PIT,12,11,12,QB
Jay Cutler,2015,32,CHI,15,15,11,QB
Ryan Tannehill,2015,27,MIA,16,16,10,QB
Marcus Mariota,2015,22,TEN,12,12,9,QB
Sam Bradford,2015,28,PHI,14,14,8,QB
Brian Hoyer,2015,30,HOU,11,9,7,QB
Joe Flacco,2015,30,BAL,10,10,5,QB
Blaine Gabbert,2015,26,SFO,8,8,5,QB
Josh McCown,2015,36,CLE,8,8,5,QB
Brock Osweiler,2015,25,DEN,8,7,5,QB
Matt Hasselbeck,2015,40,IND,8,8,4,QB
Colin Kaepernick,2015,28,SFO,9,8,4,QB
Andrew Luck,2015,26,IND,7,7,4,QB
Johnny Manziel,2015,23,CLE,9,6,4,QB
Nick Foles,2015,26,STL,11,11,3,QB
Ryan Mallett,2015,27,"HOU,BAL",8,6,3,QB
A.J. McCarron,2015,25,CIN,7,3,3,QB
Brandon Weeden,2015,32,"DAL,HOU",6,4,3,QB
Jimmy Clausen,2015,28,"CHI,BAL",4,3,2,QB
Case Keenum,2015,27,STL,6,5,2,QB
Peyton Manning,2015,39,DEN,10,9,2,QB
EJ Manuel,2015,25,BUF,7,2,2,QB
Kellen Moore,2015,26,DAL,3,2,2,QB
Tony Romo,2015,35,DAL,4,4,2,QB
Michael Vick,2015,35,PIT,5,3,2,QB
Austin Davis,2015,26,CLE,3,2,1,QB
Josh Freeman,2015,27,IND,1,1,1,QB
Landry Jones,2015,26,PIT,7,2,1,QB
Luke McCown,2015,34,NOR,8,1,1,QB
Dan Orlovsky,2015,32,DET,2,0,1,QB
Mark Sanchez,2015,29,PHI,4,2,1,QB
Matt Schaub,2015,34,BAL,2,2,1,QB
Geno Smith,2015,25,NYJ,1,0,1,QB
T.J. Yates,2015,28,HOU,4,2,1,QB
Derek Anderson,2015,32,CAR,3,0,0,QB
Matt Cassel,2015,33,"BUF,DAL",9,8,0,QB
Kellen Clemens,2015,32,SDG,2,0,0,QB
B.J. Daniels,2015,27,"HOU,SEA",8,0,0,QB
Chase Daniel,2015,29,KAN,2,0,0,QB
Jimmy Garoppolo,2015,24,NWE,5,0,0,QB
Shaun Hill,2015,35,MIN,3,0,0,QB
Tarvaris Jackson,2015,32,SEA,4,0,0,QB
Ryan Lindley,2015,26,IND,1,0,0,QB
Sean Mannion,2015,23,STL,1,0,0,QB
Colt McCoy,2015,29,WAS,2,0,0,QB
Matt McGloin,2015,26,OAK,2,0,0,QB
Matt Moore,2015,31,MIA,1,0,0,QB
Tyler Murphy,2015,23,PIT,2,0,0,QB
Ryan Nassib,2015,25,NYG,1,0,0,QB
Sean Renfree,2015,25,ATL,2,0,0,QB
Trevor Siemian,2015,24,DEN,1,0,0,QB
Drew Stanton,2015,31,ARI,7,0,0,QB
Alex Tanney,2015,28,TEN,1,0,0,QB
Scott Tolzien,2015,28,GNB,3,0,0,QB
Joe Webb,2015,29,CAR,16,0,0,QB
Charlie Whitehurst,2015,33,IND,4,0,0,QB
Zach Mettenberger,2015,24,TEN,7,4,-2,QB
Matt Ryan,2016,31,ATL,16,16,21,QB
Aaron Rodgers,2016,33,GNB,16,16,18,QB
Drew Brees,2016,37,NOR,16,16,16,QB
Andrew Luck,2016,27,IND,15,15,16,QB
Kirk Cousins,2016,28,WAS,16,16,15,QB
Dak Prescott,2016,23,DAL,16,16,15,QB
Tyrod Taylor,2016,27,BUF,15,15,15,QB
Matthew Stafford,2016,28,DET,16,16,14,QB
Russell Wilson,2016,28,SEA,16,16,14,QB
Tom Brady,2016,39,NWE,12,12,13,QB
Marcus Mariota,2016,23,TEN,15,15,13,QB
Philip Rivers,2016,35,SDG,16,16,13,QB
Derek Carr,2016,25,OAK,15,15,12,QB
Andy Dalton,2016,29,CIN,16,16,12,QB
Carson Palmer,2016,37,ARI,15,15,12,QB
Ben Roethlisberger,2016,34,PIT,14,14,12,QB
Alex Smith,2016,32,KAN,15,15,12,QB
Jameis Winston,2016,22,TAM,16,16,12,QB
Sam Bradford,2016,29,MIN,15,15,11,QB
Cam Newton,2016,27,CAR,15,14,11,QB
Blake Bortles,2016,24,JAX,16,16,10,QB
Ryan Tannehill,2016,28,MIA,13,13,10,QB
Carson Wentz,2016,24,PHI,16,16,10,QB
Joe Flacco,2016,31,BAL,16,16,9,QB
Colin Kaepernick,2016,29,SFO,12,11,9,QB
Eli Manning,2016,35,NYG,16,16,9,QB
Trevor Siemian,2016,25,DEN,14,14,9,QB
Ryan Fitzpatrick,2016,34,NYJ,14,11,5,QB
Brock Osweiler,2016,26,HOU,15,14,5,QB
Brian Hoyer,2016,31,CHI,6,5,4,QB
Case Keenum,2016,28,LAR,10,9,4,QB
Robert Griffin III,2016,26,CLE,5,5,3,QB
Cody Kessler,2016,23,CLE,9,8,3,QB
Jacoby Brissett,2016,24,NWE,3,2,2,QB
Jay Cutler,2016,33,CHI,5,5,2,QB
Jimmy Garoppolo,2016,25,NWE,6,2,2,QB
Landry Jones,2016,27,PIT,8,2,2,QB
Matt Moore,2016,32,MIA,4,3,2,QB
Bryce Petty,2016,25,NYJ,6,4,2,QB
Derek Anderson,2016,33,CAR,5,2,1,QB
Matt Barkley,2016,26,CHI,7,6,1,QB
Matt Cassel,2016,34,TEN,4,1,1,QB
Nick Foles,2016,27,KAN,3,1,1,QB
Shaun Hill,2016,36,MIN,3,1,1,QB
Kevin Hogan,2016,24,CLE,4,0,1,QB
Paxton Lynch,2016,22,DEN,3,2,1,QB
EJ Manuel,2016,26,BUF,6,1,1,QB
Josh McCown,2016,37,CLE,5,3,1,QB
Tom Savage,2016,26,HOU,3,2,1,QB
Drew Stanton,2016,32,ARI,5,1,1,QB
Scott Tolzien,2016,29,IND,3,1,1,QB
Trevone Boykin,2016,23,SEA,5,0,0,QB
Kellen Clemens,2016,33,SDG,12,0,0,QB
Connor Cook,2016,23,OAK,1,0,0,QB
Chase Daniel,2016,30,PHI,1,0,0,QB
David Fales,2016,26,CHI,1,0,0,QB
Blaine Gabbert,2016,27,SFO,6,5,0,QB
Mike Glennon,2016,27,TAM,2,0,0,QB
Chad Henne,2016,31,JAX,1,0,0,QB
Brett Hundley,2016,23,GNB,4,0,0,QB
Cardale Jones,2016,24,BUF,1,0,0,QB
Ryan Mallett,2016,28,BAL,4,0,0,QB
Sean Mannion,2016,24,LAR,1,0,0,QB
A.J. McCarron,2016,26,CIN,1,0,0,QB
Matt McGloin,2016,27,OAK,3,1,0,QB
Tony Romo,2016,36,DAL,1,0,0,QB
Mark Sanchez,2016,30,DAL,2,0,0,QB
Matt Schaub,2016,35,ATL,4,0,0,QB
Geno Smith,2016,26,NYJ,2,1,0,QB
Joe Webb,2016,30,CAR,14,0,0,QB
Charlie Whitehurst,2016,34,CLE,1,0,0,QB
T.J. Yates,2016,29,MIA,0,0,0,QB
Jared Goff,2016,22,LAR,7,7,-2,QB
Tom Brady,2017,40,NWE,16,16,20,QB
Drew Brees,2017,38,NOR,16,16,17,QB
Alex Smith,2017,33,KAN,15,15,17,QB
Jared Goff,2017,23,LAR,15,15,15,QB
Cam Newton,2017,28,CAR,16,16,15,QB
Matt Ryan,2017,32,ATL,16,16,15,QB
Matthew Stafford,2017,29,DET,16,16,15,QB
Russell Wilson,2017,29,SEA,16,16,15,QB
Case Keenum,2017,29,MIN,15,14,14,QB
Ben Roethlisberger,2017,35,PIT,15,15,14,QB
Blake Bortles,2017,25,JAX,16,16,13,QB
Dak Prescott,2017,24,DAL,16,16,13,QB
Philip Rivers,2017,36,LAC,16,16,13,QB
Carson Wentz,2017,25,PHI,13,13,13,QB
Kirk Cousins,2017,29,WAS,16,16,12,QB
Marcus Mariota,2017,24,TEN,15,15,12,QB
Tyrod Taylor,2017,28,BUF,15,14,12,QB
Jacoby Brissett,2017,25,IND,16,15,11,QB
Andy Dalton,2017,30,CIN,16,16,11,QB
Derek Carr,2017,26,OAK,15,15,10,QB
Jameis Winston,2017,23,TAM,13,13,10,QB
Joe Flacco,2017,32,BAL,16,16,9,QB
Josh McCown,2017,38,NYJ,13,13,9,QB
Eli Manning,2017,36,NYG,15,15,7,QB
Mitchell Trubisky,2017,23,CHI,12,12,7,QB
Deshaun Watson,2017,22,HOU,7,6,7,QB
Jay Cutler,2017,34,MIA,14,14,6,QB
Aaron Rodgers,2017,34,GNB,7,7,6,QB
Jimmy Garoppolo,2017,26,SFO,6,5,5,QB
Brett Hundley,2017,24,GNB,11,9,5,QB
DeShone Kizer,2017,21,CLE,15,15,5,QB
Carson Palmer,2017,38,ARI,7,7,5,QB
Trevor Siemian,2017,26,DEN,11,10,4,QB
C.J. Beathard,2017,24,SFO,7,5,3,QB
Ryan Fitzpatrick,2017,35,TAM,6,3,3,QB
Nick Foles,2017,28,PHI,7,3,2,QB
Blaine Gabbert,2017,28,ARI,5,5,2,QB
Mike Glennon,2017,28,CHI,4,4,2,QB
Brian Hoyer,2017,32,"NWE,SFO",11,6,2,QB
Matt Moore,2017,33,MIA,4,2,2,QB
Brock Osweiler,2017,27,DEN,6,4,2,QB
Bryce Petty,2017,26,NYJ,4,3,2,QB
Tom Savage,2017,27,HOU,8,7,2,QB
T.J. Yates,2017,30,HOU,4,3,2,QB
Sam Bradford,2017,30,MIN,2,2,1,QB
David Fales,2017,27,MIA,2,0,1,QB
Kevin Hogan,2017,25,CLE,4,1,1,QB
Landry Jones,2017,28,PIT,3,1,1,QB
Paxton Lynch,2017,23,DEN,2,2,1,QB
Patrick Mahomes,2017,22,KAN,1,1,1,QB
Sean Mannion,2017,25,LAR,5,1,1,QB
EJ Manuel,2017,27,OAK,2,1,1,QB
Nathan Peterman,2017,23,BUF,4,2,1,QB
Geno Smith,2017,27,NYG,2,1,1,QB
Nate Sudfeld,2017,24,PHI,1,0,1,QB
Derek Anderson,2017,34,CAR,3,0,0,QB
Tyler Bray,2017,26,KAN,1,0,0,QB
Teddy Bridgewater,2017,25,MIN,1,0,0,QB
Joe Callahan,2017,24,GNB,1,0,0,QB
Matt Cassel,2017,35,TEN,2,1,0,QB
Kellen Clemens,2017,34,LAC,8,0,0,QB
Chase Daniel,2017,31,NOR,1,0,0,QB
Austin Davis,2017,28,SEA,3,0,0,QB
Tanner Gentry,2017,23,CHI,4,3,0,QB
Taylor Heinicke,2017,24,HOU,1,0,0,QB
Chad Henne,2017,32,JAX,2,0,0,QB
Taysom Hill,2017,27,NOR,5,0,0,QB
Cody Kessler,2017,24,CLE,3,0,0,QB
Ryan Mallett,2017,29,BAL,2,0,0,QB
A.J. McCarron,2017,27,CIN,3,0,0,QB
Colt McCoy,2017,31,WAS,1,0,0,QB
Jake Rudock,2017,24,DET,3,0,0,QB
Cooper Rush,2017,24,DAL,2,0,0,QB
Drew Stanton,2017,33,ARI,5,4,0,QB
Scott Tolzien,2017,30,IND,1,1,0,QB
Joe Webb,2017,31,BUF,16,0,0,QB
Patrick Mahomes,2018,23,KAN,16,16,22,QB
Jared Goff,2018,24,LAR,16,16,18,QB
Drew Brees,2018,39,NOR,15,15,16,QB
Andrew Luck,2018,29,IND,16,16,16,QB
Matt Ryan,2018,33,ATL,16,16,16,QB
Deshaun Watson,2018,23,HOU,16,16,16,QB
Tom Brady,2018,41,NWE,16,16,14,QB
Cam Newton,2018,29,CAR,14,14,14,QB
Dak Prescott,2018,25,DAL,16,16,14,QB
Philip Rivers,2018,37,LAC,16,16,14,QB
Ben Roethlisberger,2018,36,PIT,16,16,14,QB
Russell Wilson,2018,30,SEA,16,16,14,QB
Aaron Rodgers,2018,35,GNB,16,16,13,QB
Mitchell Trubisky,2018,24,CHI,14,14,13,QB
Kirk Cousins,2018,30,MIN,16,16,12,QB
Eli Manning,2018,37,NYG,16,16,12,QB
Derek Carr,2018,27,OAK,16,16,11,QB
Baker Mayfield,2018,23,CLE,14,13,10,QB
Matthew Stafford,2018,30,DET,16,16,10,QB
Andy Dalton,2018,31,CIN,11,11,9,QB
Case Keenum,2018,30,DEN,16,16,9,QB
Marcus Mariota,2018,25,TEN,14,13,9,QB
Carson Wentz,2018,26,PHI,11,11,9,QB
Jameis Winston,2018,24,TAM,11,9,9,QB
Lamar Jackson,2018,21,BAL,16,7,8,QB
Sam Darnold,2018,21,NYJ,13,13,7,QB
Ryan Fitzpatrick,2018,36,TAM,8,7,7,QB
Joe Flacco,2018,33,BAL,9,9,7,QB
Josh Allen,2018,22,BUF,12,11,6,QB
Blake Bortles,2018,26,JAX,13,12,6,QB
Nick Mullens,2018,23,SFO,8,8,6,QB
Alex Smith,2018,34,WAS,10,10,6,QB
Ryan Tannehill,2018,30,MIA,11,11,6,QB
Nick Foles,2018,29,PHI,5,5,4,QB
C.J. Beathard,2018,25,SFO,6,5,3,QB
Brock Osweiler,2018,28,MIA,7,5,3,QB
Chase Daniel,2018,32,CHI,5,2,2,QB
Jeff Driskel,2018,25,CIN,9,5,2,QB
Blaine Gabbert,2018,29,TEN,8,3,2,QB
Jimmy Garoppolo,2018,27,SFO,3,3,2,QB
Taysom Hill,2018,28,NOR,16,4,2,QB
Josh Johnson,2018,32,WAS,4,3,2,QB
Cody Kessler,2018,25,JAX,5,4,2,QB
Josh McCown,2018,39,NYJ,4,3,2,QB
Josh Rosen,2018,21,ARI,14,13,2,QB
Tyrod Taylor,2018,29,CLE,4,3,2,QB
Kyle Allen,2018,22,CAR,2,1,1,QB
Derek Anderson,2018,35,BUF,2,2,1,QB
Matt Barkley,2018,28,BUF,1,1,1,QB
Sam Bradford,2018,31,ARI,3,3,1,QB
Taylor Heinicke,2018,25,CAR,6,1,1,QB
DeShone Kizer,2018,22,GNB,3,0,1,QB
Colt McCoy,2018,32,WAS,3,2,1,QB
Nathan Peterman,2018,24,BUF,4,2,1,QB
Teddy Bridgewater,2018,26,NOR,5,1,0,QB
Jacoby Brissett,2018,26,IND,4,0,0,QB
Matt Cassel,2018,36,DET,2,0,0,QB
Joshua Dobbs,2018,23,PIT,5,0,0,QB
Garrett Gilbert,2018,27,CAR,1,0,0,QB
Mike Glennon,2018,29,ARI,2,0,0,QB
Robert Griffin III,2018,28,BAL,3,0,0,QB
Chad Henne,2018,33,KAN,1,0,0,QB
Brian Hoyer,2018,33,NWE,5,0,0,QB
Chad Kelly,2018,24,DEN,1,0,0,QB
Kyle Lauletta,2018,23,NYG,2,0,0,QB
Sean Mannion,2018,26,LAR,3,0,0,QB
A.J. McCarron,2018,28,OAK,2,0,0,QB
Cooper Rush,2018,25,DAL,1,0,0,QB
Mark Sanchez,2018,32,WAS,2,1,0,QB
Matt Schaub,2018,37,ATL,3,0,0,QB
Geno Smith,2018,28,LAC,5,0,0,QB
Nate Sudfeld,2018,25,PHI,2,0,0,QB
Joe Webb,2018,32,HOU,16,0,0,QB
Brandon Weeden,2018,35,HOU,1,0,0,QB
Lamar Jackson,2019,22,BAL,15,15,25,QB
Patrick Mahomes,2019,24,KAN,14,14,17,QB
Deshaun Watson,2019,24,HOU,15,15,16,QB
Jimmy Garoppolo,2019,28,SFO,16,16,15,QB
Dak Prescott,2019,26,DAL,16,16,15,QB
Russell Wilson,2019,31,SEA,16,16,15,QB
Jameis Winston,2019,25,TAM,16,16,15,QB
Kirk Cousins,2019,31,MIN,15,15,14,QB
Kyler Murray,2019,22,ARI,16,16,14,QB
Aaron Rodgers,2019,36,GNB,16,16,14,QB
Philip Rivers,2019,38,LAC,16,16,13,QB
Matt Ryan,2019,34,ATL,15,15,13,QB
Tom Brady,2019,42,NWE,16,16,12,QB
Jared Goff,2019,25,LAR,16,16,12,QB
Carson Wentz,2019,27,PHI,16,16,12,QB
Josh Allen,2019,23,BUF,16,16,11,QB
Drew Brees,2019,40,NOR,11,11,11,QB
Derek Carr,2019,28,OAK,16,16,11,QB
Baker Mayfield,2019,24,CLE,16,16,11,QB
Ryan Tannehill,2019,31,TEN,12,10,11,QB
Jacoby Brissett,2019,27,IND,15,15,10,QB
Ryan Fitzpatrick,2019,37,MIA,15,13,10,QB
Gardner Minshew II,2019,23,JAX,14,12,10,QB
Daniel Jones,2019,22,NYG,13,12,9,QB
Matthew Stafford,2019,31,DET,8,8,8,QB
Mitchell Trubisky,2019,25,CHI,15,15,8,QB
Kyle Allen,2019,23,CAR,13,12,7,QB
Andy Dalton,2019,32,CIN,13,13,7,QB
Sam Darnold,2019,22,NYJ,13,13,6,QB
Teddy Bridgewater,2019,27,NOR,9,5,5,QB
Joe Flacco,2019,34,DEN,8,8,5,QB
Marcus Mariota,2019,26,TEN,7,6,5,QB
Case Keenum,2019,31,WAS,10,8,4,QB
Jeff Driskel,2019,26,DET,3,3,3,QB
Dwayne Haskins,2019,22,WAS,9,7,3,QB
Drew Lock,2019,23,DEN,5,5,3,QB
Eli Manning,2019,38,NYG,4,4,3,QB
Mason Rudolph,2019,24,PIT,10,8,3,QB
Brandon Allen,2019,27,DEN,3,3,2,QB
Nick Foles,2019,30,JAX,4,4,2,QB
Robert Griffin III,2019,29,BAL,7,1,2,QB
Matt Moore,2019,35,KAN,6,2,2,QB
Matt Schaub,2019,38,ATL,6,1,2,QB
Matt Barkley,2019,29,BUF,2,0,1,QB
Chase Daniel,2019,33,CHI,3,1,1,QB
Luke Falk,2019,25,NYJ,3,2,1,QB
Ryan Finley,2019,25,CIN,3,3,1,QB
Will Grier,2019,24,CAR,2,2,1,QB
Brian Hoyer,2019,34,IND,4,1,1,QB
A.J. McCarron,2019,29,HOU,2,1,1,QB
Cam Newton,2019,30,CAR,2,2,1,QB
Ben Roethlisberger,2019,37,PIT,2,2,1,QB
Josh Rosen,2019,22,MIA,6,3,1,QB
Blake Bortles,2019,27,LAR,3,0,0,QB
Tim Boyle,2019,25,GNB,3,0,0,QB
David Fales,2019,29,NYJ,2,0,0,QB
Garrett Gilbert,2019,28,CLE,5,0,0,QB
Mike Glennon,2019,30,OAK,2,0,0,QB
Ryan Griffin,2019,30,TAM,2,0,0,QB
Devlin Hodges,2019,23,PIT,8,6,0,QB
Brett Hundley,2019,26,ARI,3,0,0,QB
Sean Mannion,2019,27,MIN,3,1,0,QB
Colt McCoy,2019,33,WAS,1,1,0,QB
Josh McCown,2019,40,PHI,3,0,0,QB
Trace McSorley,2019,24,BAL,1,0,0,QB
Nick Mullens,2019,24,SFO,1,0,0,QB
Cooper Rush,2019,26,DAL,2,0,0,QB
Trevor Siemian,2019,28,NYJ,1,1,0,QB
Jarrett Stidham,2019,23,NWE,3,0,0,QB
Alex Tanney,2019,32,NYG,1,0,0,QB
Tyrod Taylor,2019,30,LAC,8,0,0,QB
David Blough,2019,24,DET,5,5,-1,QB
Josh Allen,2020,24,BUF,16,16,18,QB
Lamar Jackson,2020,23,BAL,15,15,18,QB
Aaron Rodgers,2020,37,GNB,16,16,18,QB
Patrick Mahomes,2020,25,KAN,15,15,17,QB
Russell Wilson,2020,32,SEA,16,16,17,QB
Kyler Murray,2020,23,ARI,16,16,16,QB
Ryan Tannehill,2020,32,TEN,16,16,16,QB
Deshaun Watson,2020,25,HOU,16,16,16,QB
Tom Brady,2020,43,TAM,16,16,15,QB
Derek Carr,2020,29,LVR,16,16,14,QB
Kirk Cousins,2020,32,MIN,16,16,14,QB
Baker Mayfield,2020,25,CLE,16,16,14,QB
Teddy Bridgewater,2020,28,CAR,15,15,13,QB
Justin Herbert,2020,22,LAC,15,15,13,QB
Philip Rivers,2020,39,IND,16,16,13,QB
Matt Ryan,2020,35,ATL,16,16,13,QB
Matthew Stafford,2020,32,DET,16,16,13,QB
Cam Newton,2020,31,NWE,15,15,12,QB
Drew Brees,2020,41,NOR,12,12,10,QB
Jared Goff,2020,26,LAR,15,15,10,QB
Ben Roethlisberger,2020,38,PIT,15,15,10,QB
Daniel Jones,2020,23,NYG,14,14,9,QB
Joe Burrow,2020,24,CIN,10,10,7,QB
Ryan Fitzpatrick,2020,38,MIA,9,7,7,QB
Taysom Hill,2020,30,NOR,16,8,7,WR/QB
Gardner Minshew II,2020,24,JAX,9,8,7,QB
Mitchell Trubisky,2020,26,CHI,10,9,7,QB
Drew Lock,2020,24,DEN,13,13,6,QB
Nick Mullens,2020,25,SFO,10,8,6,QB
Dak Prescott,2020,27,DAL,5,5,6,QB
Andy Dalton,2020,33,DAL,11,9,5,QB
Tua Tagovailoa,2020,22,MIA,10,9,5,QB
Carson Wentz,2020,28,PHI,12,12,5,QB
Sam Darnold,2020,23,NYJ,12,12,4,QB
Jalen Hurts,2020,22,PHI,15,4,4,QB
Nick Foles,2020,31,CHI,9,7,3,QB
Jimmy Garoppolo,2020,29,SFO,6,6,3,QB
Brandon Allen,2020,28,CIN,5,5,2,QB
Kyle Allen,2020,24,WAS,4,4,2,QB
C.J. Beathard,2020,27,SFO,6,2,2,QB
Joe Flacco,2020,35,NYJ,5,4,2,QB
Jake Luton,2020,24,JAX,3,3,2,QB
Matt Barkley,2020,30,BUF,5,0,1,QB
Chase Daniel,2020,34,DET,4,0,1,QB
Ben DiNucci,2020,24,DAL,3,1,1,QB
Jeff Driskel,2020,27,DEN,3,1,1,QB
Ryan Finley,2020,26,CIN,5,1,1,QB
Blaine Gabbert,2020,31,TAM,4,0,1,QB
Garrett Gilbert,2020,29,DAL,1,1,1,QB
Robert Griffin III,2020,30,BAL,4,1,1,QB
Dwayne Haskins,2020,23,WAS,7,6,1,QB
Chad Henne,2020,35,KAN,3,1,1,QB
Marcus Mariota,2020,27,LVR,1,0,1,QB
Colt McCoy,2020,34,NYG,4,2,1,QB
Mason Rudolph,2020,25,PIT,5,1,1,QB
Brett Rypien,2020,24,DEN,3,1,1,QB
Alex Smith,2020,36,WAS,8,6,1,QB
Jarrett Stidham,2020,24,NWE,5,0,1,QB
Tyrod Taylor,2020,31,LAC,2,1,1,QB
P.J. Walker,2020,25,CAR,4,1,1,QB
John Wolford,2020,25,LAR,1,1,1,QB
David Blough,2020,25,DET,1,0,0,QB
Tim Boyle,2020,26,GNB,8,0,0,QB
Tyler Bray,2020,29,CHI,1,0,0,QB
Jacoby Brissett,2020,28,IND,11,0,0,QB
Joshua Dobbs,2020,25,PIT,1,0,0,QB
Mike Glennon,2020,31,JAX,5,5,0,QB
Taylor Heinicke,2020,27,WAS,1,0,0,QB
Brian Hoyer,2020,35,NWE,1,1,0,QB
Tyler Huntley,2020,22,BAL,2,0,0,QB
Case Keenum,2020,32,CLE,2,0,0,QB
A.J. McCarron,2020,30,HOU,2,0,0,QB
Trace McSorley,2020,25,BAL,2,0,0,QB
Nathan Peterman,2020,26,LVR,1,0,0,QB
Matt Schaub,2020,39,ATL,1,0,0,QB
Geno Smith,2020,30,SEA,1,0,0,QB
Tommy Stevens,2020,24,CAR,1,0,0,QB
Easton Stick,2020,25,LAC,1,0,0,QB
Chris Streveler,2020,25,ARI,5,0,0,QB
Nate Sudfeld,2020,27,PHI,1,0,0,QB
Joe Webb,2020,34,NYG,2,0,0,QB
Jameis Winston,2020,26,NOR,4,0,0,QB
Logan Woodside,2020,25,TEN,6,0,0,QB
Josh Allen,2021,25,BUF,17,17,19,QB
Justin Herbert,2021,23,LAC,17,17,18,QB
Patrick Mahomes,2021,26,KAN,17,17,18,QB
Jalen Hurts,2021,23,PHI,15,15,17,QB
Tom Brady,2021,44,TAM,17,17,16,QB
Kyler Murray,2021,24,ARI,14,14,16,QB
Joe Burrow,2021,25,CIN,16,16,15,QB
Aaron Rodgers,2021,38,GNB,16,16,15,QB
Matthew Stafford,2021,33,LAR,17,17,15,QB
Mac Jones,2021,23,NWE,17,17,14,QB
Dak Prescott,2021,28,DAL,16,16,14,QB
Carson Wentz,2021,29,IND,17,17,14,QB
Kirk Cousins,2021,33,MIN,16,16,13,QB
Ryan Tannehill,2021,33,TEN,17,17,13,QB
Derek Carr,2021,30,LVR,17,17,12,QB
Jimmy Garoppolo,2021,30,SFO,15,15,12,QB
Russell Wilson,2021,33,SEA,14,14,12,QB
Taylor Heinicke,2021,28,WAS,16,15,11,QB
Lamar Jackson,2021,24,BAL,12,12,11,QB
Teddy Bridgewater,2021,29,DEN,14,14,10,QB
Jared Goff,2021,27,DET,14,14,10,QB
Baker Mayfield,2021,26,CLE,14,14,10,QB
Matt Ryan,2021,36,ATL,17,17,10,QB
Ben Roethlisberger,2021,39,PIT,16,16,9,QB
Daniel Jones,2021,24,NYG,11,11,7,QB
Trevor Lawrence,2021,22,JAX,17,17,7,QB
Davis Mills,2021,23,HOU,13,11,7,QB
Tua Tagovailoa,2021,23,MIA,13,12,7,QB
Sam Darnold,2021,24,CAR,12,11,6,QB
Justin Fields,2021,22,CHI,12,10,6,QB
Taysom Hill,2021,31,NOR,12,9,6,QB
Zach Wilson,2021,22,NYJ,13,13,5,QB
Jameis Winston,2021,27,NOR,7,7,5,QB
Trevor Siemian,2021,30,NOR,6,4,4,QB
Andy Dalton,2021,34,CHI,8,6,3,QB
Trey Lance,2021,21,SFO,6,2,3,QB
Drew Lock,2021,25,DEN,6,3,3,QB
Colt McCoy,2021,35,ARI,8,3,3,QB
Cam Newton,2021,32,CAR,8,5,3,QB
Tim Boyle,2021,27,DET,5,3,2,QB
Jacoby Brissett,2021,29,MIA,11,5,2,QB
Tyler Huntley,2021,23,BAL,7,4,2,QB
Josh Johnson,2021,35,"NYJ,BAL",4,1,2,QB
Jordan Love,2021,23,GNB,6,1,2,QB
Gardner Minshew II,2021,25,PHI,4,2,2,QB
Geno Smith,2021,31,SEA,4,3,2,QB
Tyrod Taylor,2021,32,HOU,6,6,2,QB
Mike White,2021,26,NYJ,4,3,2,QB
Joe Flacco,2021,36,NYJ,2,1,1,QB
Nick Foles,2021,32,CHI,1,1,1,QB
Jake Fromm,2021,23,NYG,3,2,1,QB
Garrett Gilbert,2021,30,WAS,1,1,1,QB
Brian Hoyer,2021,36,NWE,5,0,1,QB
Case Keenum,2021,33,CLE,7,2,1,QB
Sean Mannion,2021,29,MIN,1,1,1,QB
Mason Rudolph,2021,26,PIT,2,1,1,QB
Cooper Rush,2021,28,DAL,5,1,1,QB
P.J. Walker,2021,26,CAR,5,1,1,QB
Brandon Allen,2021,29,CIN,6,1,0,QB
Kyle Allen,2021,25,WAS,2,0,0,QB
C.J. Beathard,2021,28,JAX,2,0,0,QB
Kurt Benkert,2021,26,GNB,1,0,0,QB
David Blough,2021,26,DET,1,0,0,QB
Ian Book,2021,23,NOR,1,1,0,QB
Chase Daniel,2021,35,LAC,1,0,0,QB
Jeff Driskel,2021,28,HOU,1,0,0,QB
Jacob Eason,2021,24,IND,1,0,0,QB
Sam Ehlinger,2021,23,IND,3,0,0,QB
Ryan Fitzpatrick,2021,39,WAS,1,1,0,QB
Feleipe Franks,2021,24,ATL,9,0,0,QB
Blaine Gabbert,2021,32,TAM,6,0,0,QB
Chad Henne,2021,36,KAN,4,0,0,QB
Kevin Hogan,2021,29,TEN,1,0,0,QB
Tyree Jackson,2021,24,PHI,9,3,0,QB
Marcus Mariota,2021,28,LVR,10,0,0,QB
Kellen Mond,2021,22,MIN,1,0,0,QB
Nick Mullens,2021,26,CLE,1,1,0,QB
Nathan Peterman,2021,27,LVR,1,0,0,QB
Josh Rosen,2021,24,ATL,4,0,0,QB
Brett Rypien,2021,25,DEN,1,0,0,QB
Chris Streveler,2021,26,ARI,2,0,0,QB
Mitchell Trubisky,2021,27,BUF,6,0,0,QB
Davis Webb,2021,26,BUF,1,0,0,QB
John Wolford,2021,26,LAR,3,0,0,QB
Logan Woodside,2021,26,TEN,5,0,0,QB
Mike Glennon,2021,32,NYG,6,4,-5,QB
Josh Allen,2022,26,BUF,16,16,20,QB
Jalen Hurts,2022,24,PHI,15,15,20,QB
Patrick Mahomes,2022,27,KAN,17,17,19,QB
Joe Burrow,2022,26,CIN,16,16,17,QB
Justin Fields,2022,23,CHI,15,15,16,QB
Jared Goff,2022,28,DET,17,17,16,QB
Daniel Jones,2022,25,NYG,16,16,15,QB
Geno Smith,2022,32,SEA,17,17,15,QB
Justin Herbert,2022,24,LAC,17,17,14,QB
Trevor Lawrence,2022,23,JAX,17,17,14,QB
Kirk Cousins,2022,34,MIN,17,17,13,QB
Aaron Rodgers,2022,39,GNB,17,17,13,QB
Derek Carr,2022,31,LVR,15,15,12,QB
Lamar Jackson,2022,25,BAL,12,12,12,QB
Tua Tagovailoa,2022,24,MIA,13,13,12,QB
Marcus Mariota,2022,29,ATL,13,13,11,QB
Dak Prescott,2022,29,DAL,12,12,11,QB
Tom Brady,2022,45,TAM,17,17,10,QB
Jacoby Brissett,2022,30,CLE,16,11,10,QB
Jimmy Garoppolo,2022,31,SFO,11,10,10,QB
Russell Wilson,2022,34,DEN,15,15,9,QB
Andy Dalton,2022,35,NOR,14,14,8,QB
Mac Jones,2022,24,NWE,14,14,8,QB
Kyler Murray,2022,25,ARI,11,11,8,QB
Ryan Tannehill,2022,34,TEN,12,12,8,QB
Davis Mills,2022,24,HOU,15,15,7,QB
Kenny Pickett,2022,24,PIT,13,12,7,QB
Matt Ryan,2022,37,IND,12,12,7,QB
Matthew Stafford,2022,34,LAR,9,9,7,QB
Taylor Heinicke,2022,29,WAS,9,9,6,QB
Baker Mayfield,2022,27,"CAR,LAR",12,10,6,QB
Brock Purdy,2022,23,SFO,9,5,6,QB
Sam Darnold,2022,25,CAR,6,6,4,QB
Cooper Rush,2022,29,DAL,9,5,4,QB
Mitchell Trubisky,2022,28,PIT,7,5,4,QB
Deshaun Watson,2022,27,CLE,6,6,4,QB
Carson Wentz,2022,30,WAS,8,7,4,QB
Zach Wilson,2022,23,NYJ,9,9,4,QB
Tyler Huntley,2022,24,BAL,6,4,3,QB
Desmond Ridder,2022,23,ATL,4,4,3,QB
Jarrett Stidham,2022,26,LVR,5,2,3,QB
Mike White,2022,27,NYJ,4,4,3,QB
Teddy Bridgewater,2022,30,MIA,5,2,2,QB
Sam Ehlinger,2022,24,IND,4,3,2,QB
Colt McCoy,2022,36,ARI,4,3,2,QB
Gardner Minshew II,2022,26,PHI,5,2,2,QB
Skylar Thompson,2022,25,MIA,7,2,2,QB
P.J. Walker,2022,27,CAR,6,5,2,QB
Jameis Winston,2022,28,NOR,3,3,2,QB
Bailey Zappe,2022,23,NWE,4,2,2,QB
Kyle Allen,2022,26,HOU,2,2,1,QB
David Blough,2022,27,ARI,2,2,1,QB
Anthony Brown,2022,24,BAL,2,1,1,QB
Joshua Dobbs,2022,27,TEN,2,2,1,QB
Jeff Driskel,2022,29,HOU,7,2,1,QB
Joe Flacco,2022,37,NYJ,5,4,1,QB
Nick Foles,2022,33,IND,3,2,1,QB
Sam Howell,2022,22,WAS,1,1,1,QB
Trey Lance,2022,22,SFO,2,2,1,QB
Jordan Love,2022,24,GNB,4,0,1,QB
Trace McSorley,2022,27,ARI,6,1,1,QB
Nick Mullens,2022,27,MIN,4,0,1,QB
Bryce Perkins,2022,26,LAR,5,1,1,QB
Nathan Peterman,2022,28,CHI,3,1,1,QB
Brett Rypien,2022,26,DEN,4,2,1,QB
Trevor Siemian,2022,31,CHI,2,1,1,QB
Tyrod Taylor,2022,33,NYG,3,0,1,QB
Davis Webb,2022,27,NYG,1,1,1,QB
Malik Willis,2022,23,TEN,8,3,1,QB
John Wolford,2022,27,LAR,3,3,1,QB
Brandon Allen,2022,30,CIN,1,0,0,QB
C.J. Beathard,2022,29,JAX,4,0,0,QB
Tim Boyle,2022,28,CHI,1,0,0,QB
Chase Daniel,2022,36,LAC,4,0,0,QB
Jacob Eason,2022,25,CAR,1,0,0,QB
Blaine Gabbert,2022,33,TAM,1,0,0,QB
Chad Henne,2022,37,KAN,3,0,0,QB
Brian Hoyer,2022,37,NWE,1,1,0,QB
Josh Johnson,2022,36,SFO,2,0,0,QB
Case Keenum,2022,34,BUF,2,0,0,QB
Chris Streveler,2022,27,NYJ,2,1,0,QB
Nate Sudfeld,2022,29,DET,2,0,0,QB
Kyle Trask,2022,24,TAM,1,0,0,QB
Logan Woodside,2022,27,ATL,1,0,0,QB
